ID,type,DBT,Dage,Location
2,pair,B,35,Moscow
4,pair,A,69,Frankfurt
8,pair,O,36,Vienna
10,pair,O,34,Milan
12,pair,O,66,Madrid
13,donor,A,54,Palma de Mallorca
14,donor,O,69,Rome
16,pair,A,51,Moscow
17,donor,AB,63,Palma de Mallorca
19,pair,A,32,Moscow
20,pair,O,36,Düsseldorf
21,pair,A,38,Moscow
29,pair,O,59,Lisbon
30,pair,B,37,Amsterdam
31,donor,O,62,Paris
32,pair,O,62,Oslo
33,pair,A,64,Zürich
34,pair,O,31,Copenhagen
35,pair,O,55,Milan
36,donor,A,33,Amsterdam
40,pair,O,50,Istanbul
41,donor,O,40,Vienna
42,pair,A,47,London
44,pair,B,67,London
45,pair,A,47,Zürich
46,pair,O,37,London
54,pair,O,40,Istanbul
55,donor,A,49,Dublin
57,pair,B,42,Palma de Mallorca
58,pair,O,58,Zürich
60,pair,O,68,London
61,donor,A,62,Lisbon
62,pair,A,33,Vienna
63,donor,A,53,Amsterdam
64,donor,A,51,London
66,pair,B,57,Palma de Mallorca
67,donor,O,47,Düsseldorf
68,donor,O,36,Copenhagen
71,pair,B,65,Düsseldorf
72,pair,AB,32,Vienna
73,pair,O,32,Palma de Mallorca
76,pair,A,32,Amsterdam
80,pair,B,58,Copenhagen
81,pair,A,41,Manchester
82,pair,O,37,Dublin
84,pair,A,65,London
85,pair,O,46,Moscow
87,pair,A,37,Manchester
89,pair,O,46,Lisbon
91,pair,A,40,Copenhagen
92,pair,A,65,Moscow
93,pair,O,56,Frankfurt
94,pair,A,67,Amsterdam
95,donor,A,66,Lisbon
96,pair,AB,43,Amsterdam
97,pair,A,40,Rome
98,pair,A,45,Frankfurt
99,pair,AB,45,Lisbon
100,pair,B,66,Dublin
102,pair,B,32,Zürich
103,pair,O,39,Düsseldorf
104,pair,O,56,Düsseldorf
105,donor,A,53,London
106,pair,A,32,Istanbul
108,pair,O,57,Manchester
110,pair,O,67,Moscow
111,pair,A,52,London
113,pair,A,49,Copenhagen
114,pair,A,61,Istanbul
115,pair,A,66,Düsseldorf
116,pair,O,50,Palma de Mallorca
117,pair,O,46,Frankfurt
119,pair,A,54,Istanbul
120,pair,O,65,Madrid
121,pair,O,33,Moscow
122,pair,O,56,Paris
123,pair,O,37,Istanbul
131,donor,A,61,Düsseldorf
132,pair,O,52,Moscow
133,pair,O,37,Düsseldorf
134,pair,O,60,Palma de Mallorca
136,donor,O,40,Oslo
138,pair,A,38,Frankfurt
142,pair,A,30,Palma de Mallorca
143,pair,A,45,Istanbul
144,pair,AB,52,Istanbul
145,pair,O,59,Amsterdam
147,pair,O,36,Oslo
148,pair,O,66,Manchester
150,pair,B,33,Oslo
152,pair,A,45,Lisbon
153,donor,B,46,Amsterdam
155,donor,A,57,Milan
157,pair,O,63,Manchester
159,pair,O,50,Amsterdam
161,pair,O,55,Dublin
162,pair,A,39,Paris
163,donor,A,57,Vienna
164,pair,A,52,Rome
167,pair,A,31,Düsseldorf
169,pair,O,30,Frankfurt
171,pair,A,69,Dublin
172,donor,O,42,Milan
173,pair,B,48,Copenhagen
174,pair,B,58,Madrid
175,donor,O,55,Moscow
176,pair,O,63,Oslo
180,pair,A,64,Istanbul
184,pair,B,69,Dublin
185,pair,O,68,Rome
186,donor,A,69,Manchester
189,donor,A,41,Palma de Mallorca
191,pair,O,36,Milan
193,donor,A,55,Frankfurt
194,pair,O,67,Vienna
195,pair,AB,54,Copenhagen
196,pair,O,51,Lisbon
197,pair,B,34,Manchester
199,pair,O,49,Copenhagen
200,pair,A,48,Moscow
